,Title,Pre-Production,Link,start_year,end_year,certificate,runtime,genre,ratings,review,stars,votes
0,Invincible,No,/title/tt6741278/,2021,No Finale yet,18,364 min," Action, Adventure            ",8.8,An adult animated series based on the Skybound/Image comic about a teenager whose father is the most powerful superhero on the planet.,"Steven Yeun,J.K. Simmons,Sandra Oh,Zazie Beetz","46,788"
1,Castlevania,No,/title/tt6517102/,2017,2021,18,23 min," Action, Adventure            ",8.2,A vampire hunter fights to save a besieged city from an army of otherworldly creatures controlled by Dracula.,"Richard Armitage,Alejandra Reynoso,James Callis,Theo James","44,280"
2,Shingeki no kyojin,No,/title/tt2560140/,2013,2021,13,24 min," Action, Adventure            ",9.0,"After his hometown is destroyed and his mother is killed, young Eren Jaeger vows to cleanse the earth of the giant humanoid Titans that have brought humanity to the brink of extinction.","Yûki Kaji,Marina Inoue,Josh Grelle,Yui Ishikawa","228,458"
3,Kimetsu no Yaiba: Mugen Ressha-Hen,No,/title/tt11032374/,2020,No Finale yet,R,117 min," Action, Adventure            ",8.5,"After his family was brutally murdered and his sister turned into a demon, Tanjiro Kamado's journey as a demon slayer began. Tanjiro and his comrades embark on a new mission aboard the Mugen Train, on track to despair.","Haruo Sotozaki,Natsuki Hanae,Akari Kitô,Yoshitsugu Matsuoka,Hiro Shimono","17,842"
4,Demon Slayer: Kimetsu No Yaiba,No,/title/tt9335498/,2019,No Finale yet,16,25 min," Action, Fantasy            ",8.7,"A family is attacked by demons and only two members survive - Tanjiro and his sister Nezuko, who is turning into a demon slowly. Tanjiro sets out to become a demon slayer to avenge his family and cure his sister.","Natsuki Hanae,Zach Aguilar,Abby Trott,Aleks Le","38,125"
5,Boku no hîrô akademia,No,/title/tt5626028/,2016,No Finale yet,16,24 min," Action, Adventure            ",8.5,A superhero-loving boy without any powers is determined to enroll in a prestigious hero academy and learn what it really means to be a hero.,"Daiki Yamashita,Nobuhiko Okamoto,Ayane Sakura,Kaito Ishikawa","40,401"
6,One Piece: Wan pîsu,No,/title/tt0388629/,1999,No Finale yet,7,24 min," Action, Adventure            ",8.8,"Follows the adventures of Monkey D. Luffy and his pirate crew in order to find the greatest treasure ever left by the legendary Pirate, Gold Roger. The famous mystery treasure named ""One Piece"".","Mayumi Tanaka,Tony Beck,Laurent Vernin,Akemi Okamura","76,001"
7,Masters of the Universe: Revelation,Yes,/title/tt10826054/,2021,No Finale yet,NA,NA,NA,NA,NA,NA,NA
8,Avatar: The Last Airbender,No,/title/tt0417299/,2005,2008,U,23 min," Action, Adventure            ",9.3,"In a war-torn world of elemental magic, a young boy reawakens to undertake a dangerous mystic quest to fulfill his destiny as the Avatar, and bring peace to the world.","Dee Bradley Baker,Zach Tyler,Mae Whitman,Jack De Sena","257,613"
9,Jujutsu Kaisen,Yes,/title/tt12343534/,2020,No Finale yet,NA,NA,NA,NA,NA,NA,NA
10,Yasuke,No,/title/tt9310330/,2021,No Finale yet,18,30 min," Action, Adventure            ",6.3,"He came from Africa and fought alongside a mighty feudal lord in brutal 16th century Japan. They called him the Black Samurai, and he became a legend.","LaKeith Stanfield,Maya Tanida,William Christopher Stephens,Darren Criss","2,657"
11,Death Note: Desu nôto,No,/title/tt0877057/,2006,2007,16+,24 min," Crime, Drama            ",9.0,An intelligent high school student goes on a secret crusade to eliminate criminals from the world after discovering a notebook capable of killing anyone whose name is written into it.,"Mamoru Miyano,Brad Swaile,Vincent Tong,Ryô Naitô","252,096"
12,Hunter x Hunter,No,/title/tt2098220/,2011,2014,16,24 min," Action, Adventure            ",9.0,"Gon Freecss aspires to become a Hunter, an exceptional being capable of greatness. With his friends and his potential, he seeks for his father who left him when he was younger.","Issei Futamata,Megumi Han,Cristina Valenzuela,Mariya Ise","63,706"
13,Naruto: Shippûden,No,/title/tt0988824/,2007,2017,7,24 min," Action, Adventure            ",8.6,"Naruto Uzumaki, is a loud, hyperactive, adolescent ninja who constantly searches for approval and recognition, as well as to become Hokage, who is acknowledged as the leader and strongest of all ninja in the village.","Junko Takeuchi,Maile Flanagan,Kate Higgins,Chie Nakamura","90,022"
14,Naruto,No,/title/tt0409591/,2002,2007,16,24 min," Action, Adventure            ",8.3,"Naruto Uzumaki, a mischievous adolescent ninja, struggles as he searches for recognition and dreams of becoming the Hokage, the village's leader and strongest ninja.","Junko Takeuchi,Maile Flanagan,Kate Higgins,Chie Nakamura","75,493"
15,Hagane no renkinjutsushi,No,/title/tt1355642/,2009,2012,18+,24 min," Action, Adventure            ",9.1,Two brothers search for a Philosopher's Stone after an attempt to revive their deceased mother goes awry and leaves them in damaged physical forms.,"Kent Williams,Iemasa Kayumi,Vic Mignogna,Muriel Hofmann","129,037"
16,Sen to Chihiro no kamikakushi,No,/title/tt0245429/,2001,No Finale yet,U,125 min," Adventure, Family            ",8.6,"During her family's move to the suburbs, a sullen 10-year-old girl wanders into a world ruled by gods, witches, and spirits, and where humans are changed into beasts.","Hayao Miyazaki,Daveigh Chase,Suzanne Pleshette,Miyu Irino,Rumi Hiiragi","670,232"
17,One Punch Man: Wanpanman,No,/title/tt4508902/,2015,No Finale yet,16+,24 min," Action, Comedy            ",8.8,"The story of Saitama, a hero that does it just for fun & can defeat his enemies with a single punch.","Makoto Furukawa,Kaito Ishikawa,Max Mittelman,Zach Aguilar","123,053"
18,Nanatsu no taizai,No,/title/tt3909224/,2014,No Finale yet,16,24 min," Action, Adventure            ",8.0,The legend of the confrontation between the Seven Deadly Sins and the Holy Knights.,"Bryce Papenbrook,Erika Harlacher,Max Mittelman,Cristina Valenzuela","24,748"
19,Black Clover,No,/title/tt7441658/,2017,2021,13,24 min," Action, Adventure            ",8.3,"Asta and Yuno were abandoned together at the same church and have been inseparable since. As children, they promised that they would compete against each other to see who would become the next Emperor Magus.","Dallas Reid,Cris George,Jill Harris,Micah Solusod","11,523"
20,Kimi no na wa.,No,/title/tt5311514/,2016,No Finale yet,U,106 min," Drama, Fantasy            ",8.4,"Two strangers find themselves linked in a bizarre way. When a connection forms, will distance be the only thing to keep them apart?","Makoto Shinkai,Ryûnosuke Kamiki,Mone Kamishiraishi,Ryô Narita,Aoi Yûki","208,512"
21,The Legend of Korra,Yes,/title/tt1695360/,2012,2014,NA,NA,NA,NA,NA,NA,NA
22,JoJo no kimyô-na bôken,No,/title/tt2359704/,2012,No Finale yet,18,30 min," Action, Adventure            ",8.4,"The story of the Joestar family, who are possessed with intense psychic strength, and the adventures each member encounters throughout their lives.","Matthew Mercer,Daisuke Ono,Unshô Ishizuka,David Vincent","11,558"
23,Boruto: Naruto Next Generations,No,/title/tt6342474/,2017,No Finale yet,Not Rated,23 min," Action, Adventure            ",7.0,"Son of Naruto Uzumaki, Boruto, follows his father's footsteps along with his friends to become great ninja. Throughout all their adventures, Boruto is determined to make his mark in the ninja world and live outside of his father's shadow.","Yûko Sanpei,Kokoro Kikuchi,Ryûichi Kijima,Kenshô Ono","10,242"
24,Yakusoku no Neverland,Yes,/title/tt8788458/,2019,2021,NA,NA,NA,NA,NA,NA,NA
25,Dota: Dragon's Blood,No,/title/tt14069590/,2021,No Finale yet,18,25 min," Action, Adventure            ",8.1,"After encounters with a dragon and a princess on her own mission, a Dragon Knight becomes embroiled in events larger than he could have ever imagined.","Yuri Lowenthal,Lara Pulver,Dee Bradley Baker,Freya Tingley","10,561"
26,Haikyuu!!,No,/title/tt3398540/,2014,2020,13,24 min," Comedy, Drama            ",8.7,"Determined to be like the volleyball championship's star player Shouyou, a short boy nicknamed ""the small giant,"" joins his school's volleyball club.","Ayumu Murase,Kaito Ishikawa,Yu Hayashi,Satoshi Hino","13,398"
27,Fumetsu no Anata e,Yes,/title/tt12063450/,2021,No Finale yet,NA,NA,NA,NA,NA,NA,NA
28,Hauru no ugoku shiro,No,/title/tt0347149/,2004,No Finale yet,U,119 min," Adventure, Family            ",8.2,"When an unconfident young woman is cursed with an old body by a spiteful witch, her only chance of breaking the spell lies with a self-indulgent yet insecure young wizard and his companions in his legged, walking castle.","Hayao Miyazaki,Chieko Baishô,Takuya Kimura,Tatsuya Gashûin,Akihiro Miwa","344,730"
29,Tokyo Ghoul,No,/title/tt3741634/,2014,No Finale yet,18,24 min," Action, Drama            ",7.8,"A Tokyo college student is attacked by a ghoul, a superpowered human who feeds on human flesh. He survives, but has become part ghoul and becomes a fugitive on the run.","Natsuki Hanae,Austin Tindle,Sora Amamiya,Brina Palencia","39,530"
30,High School DxD,No,/title/tt2230051/,2012,2018,18,23 min," Action, Comedy            ",7.6,"After being killed on his first date, idiotic and perverted Issei Hyodo is resurrected as a demon by Rias Gremory only to be recruited into her club of high-class devils.","Yûki Kaji,Yôko Hikasa,Azumi Asakura,Shizuka Itô","7,569"
31,Kaubôi bibappu,Yes,/title/tt0213338/,1998,1999,NA,NA,NA,NA,NA,NA,NA
32,Vinland Saga,Yes,/title/tt10233448/,2019,No Finale yet,NA,NA,NA,NA,NA,NA,NA
33,Fruits Basket,No,/title/tt9304350/,2019,No Finale yet,16,23 min," Comedy, Drama            ",8.5,"After Tohru is taken in by the Soma family, she learns that twelve family members transform involuntarily into animals of the Chinese zodiac and helps them deal with the emotional pain caused by the transformations.","Manaka Iwami,Laura Bailey,Nobunaga Shimazaki,Eric Vale","2,437"
34,Kôdo giasu - Hangyaku no rurûshu: Code Geass - Lelouch of the Rebellion,No,/title/tt0994314/,2006,2012,16,24 min," Action, Drama            ",8.7,"After being given a mysterious power to control others, an outcast prince becomes the masked leader of the rebellion against an all powerful empire","Jun Fukuyama,Johnny Yong Bosch,Yuri Lowenthal,Takahiro Sakurai","53,678"
35,Dragon Ball Z,Yes,/title/tt0214341/,1996,2003,NA,NA,NA,NA,NA,NA,NA
36,Sword Art Online,No,/title/tt2250192/,2012,No Finale yet,18,24 min," Action, Adventure            ",7.6,"In the year 2022, thousands of people get trapped in a new virtual MMORPG and the lone wolf player, Kirito, works to escape.","Yoshitsugu Matsuoka,Haruka Tomatsu,Bryce Papenbrook,Cherami Leigh","38,209"
37,Mononoke-hime,No,/title/tt0119698/,1997,No Finale yet,U,134 min," Action, Adventure            ",8.4,"On a journey to find the cure for a Tatarigami's curse, Ashitaka finds himself in the middle of a war between the forest gods and Tatara, a mining colony. In this quest he also meets San, the Mononoke Hime.","Hayao Miyazaki,Yôji Matsuda,Yuriko Ishida,Yûko Tanaka,Billy Crudup","352,320"
38,Hotaru no haka,Yes,/title/tt0095327/,1988,No Finale yet,NA,NA,NA,NA,NA,NA,NA
39,Bleach: Burîchi,No,/title/tt0434665/,2004,2012,16,24 min," Action, Adventure            ",8.1,"High school student Ichigo Kurosaki, who has the ability to see ghosts, gains soul reaper powers from Rukia Kuchiki and sets out to save the world from ""Hollows"".","Johnny Yong Bosch,Michelle Ruff,Stephanie Sheh,Jamieson Price","45,269"
40,Re:Zero kara hajimeru isekai seikatsu,No,/title/tt5607616/,2016,No Finale yet,16,24 min," Adventure, Drama            ",8.1,"Shortly after being summoned to a new world, Subaru Natsuki and his new female companion are brutally murdered. But then he awakes to find himself in the same alley, with the same thugs, the same girl, and the day begins to repeat.","Yûsuke Kobayashi,Rie Takahashi,Sean Chiplock,Rie Murakawa","12,674"
41,Tokyo Revengers,Yes,/title/tt13196080/,2021,No Finale yet,NA,NA,NA,NA,NA,NA,NA
42,Koe no katachi,No,/title/tt5323662/,2016,No Finale yet,16,130 min," Drama, Family            ",8.2,"A young man is ostracized by his classmates after he bullies a deaf girl to the point where she moves away. Years later, he sets off on a path for redemption.","Naoko Yamada,Miyu Irino,Saori Hayami,Aoi Yûki,Kenshô Ono","54,175"
43,Poketto monsutâ,Yes,/title/tt0168366/,1997,No Finale yet,NA,NA,NA,NA,NA,NA,NA
44,Steins;Gate,No,/title/tt1910272/,2011,2015,16,24 min," Comedy, Drama            ",8.8,"After discovering time travel, a university student and his colleagues must use their knowledge of it to stop an evil organization and their diabolical plans.","Mamoru Miyano,Asami Imai,Kana Hanazawa,Ashly Burch","47,453"
45,Boku dake ga inai machi,Yes,/title/tt5249462/,2016,No Finale yet,NA,NA,NA,NA,NA,NA,NA
46,Shin seiki evangerion,No,/title/tt0112159/,1995,1996,U,24 min," Action, Drama            ",8.5,A teenage boy finds himself recruited as a member of an elite team of pilots by his father.,"Megumi Ogata,Megumi Hayashibara,Kotono Mitsuishi,Spike Spencer","53,436"
47,Monster,Yes,/title/tt0434706/,2004,2010,NA,NA,NA,NA,NA,NA,NA
48,Akira,No,/title/tt0094625/,1988,No Finale yet,UA,124 min," Action, Sci-Fi            ",8.0,A secret military project endangers Neo-Tokyo when it turns a biker gang member into a rampaging psychic psychopath who can only be stopped by two teenagers and a group of psychics.,"Katsuhiro Ôtomo,Mitsuo Iwata,Nozomu Sasaki,Mami Koyama,Tesshô Genda","168,506"
49,Pâfekuto burû,No,/title/tt0156887/,1997,No Finale yet,A,81 min," Crime, Mystery            ",8.0,"A pop singer gives up her career to become an actress, but she slowly goes insane when she starts being stalked by an obsessed fan and what seems to be a ghost of her past.","Satoshi Kon,Junko Iwao,Rica Matsumoto,Shinpachi Tsuji,Masaaki Ôkura","61,278"
50,Dokutaa Sutoon,No,/title/tt9679542/,2019,No Finale yet,13,23 min," Action, Adventure            ",8.2,"Awakened into a world where humanity has been petrified, scientific genius Senku and his brawny friend Taiju use their skills to rebuild civilization.","Yûsuke Kobayashi,Manami Numakura,Gen Satô,Ayumu Murase","11,886"
51,"Ijiranaide, Nagatoro-san",Yes,/title/tt12635162/,2021,No Finale yet,NA,NA,NA,NA,NA,NA,NA
52,Fairy Tail: Fearî teiru,No,/title/tt1528406/,2009,2019,16,24 min," Action, Adventure            ",8.0,"Lucy, an aspiring Celestial Wizard, becomes a friend and ally to powerful wizards Natsu, Gray, and Erza, who are part of the (in)famous wizard guild, Fairy Tail.","Cherami Leigh,Todd Haberkorn,Tia Lynn Ballard,Colleen Clinkenbeard","21,341"
53,Gintama,Yes,/title/tt0988818/,2005,2018,NA,NA,NA,NA,NA,NA,NA
54,Food Wars: Shokugeki no Soma,No,/title/tt4731072/,2015,No Finale yet,13,24 min," Comedy, Drama            ",8.2,Soma Yukihira enrolls in an elite culinary school to become a full-time chef and surpass his father's culinary skills.,"Yoshitsugu Matsuoka,Minami Takahashi,Maaya Uchida,Ai Kayano","7,452"
55,Mob Psycho 100,No,/title/tt5897304/,2016,No Finale yet,16,24 min," Action, Comedy            ",8.5,"A psychic middle school boy tries to live a normal life and keep his growing powers under control, even though he constantly gets into trouble.","Setsuo Ito,Takahiro Sakurai,Akio Ôtsuka,Miyu Irino","17,611"
56,Tonari no Totoro,No,/title/tt0096283/,1988,No Finale yet,U,86 min," Family, Fantasy            ",8.2,"When two girls move to the country to be near their ailing mother, they have adventures with the wondrous forest spirits who live nearby.","Hayao Miyazaki,Hitoshi Takagi,Noriko Hidaka,Chika Sakamoto,Shigesato Itoi","300,131"
57,Kenpû Denki Berserk,Yes,/title/tt0318871/,1997,1998,NA,NA,NA,NA,NA,NA,NA
58,Tenki no ko,No,/title/tt9426210/,2019,No Finale yet,U,112 min," Drama, Fantasy            ",7.5,A high-school boy who has run away to Tokyo befriends a girl who appears to be able to manipulate the weather.,"Makoto Shinkai,Kotaro Daigo,Nana Mori,Tsubasa Honda,Sakura Kiryu","26,366"
59,Shigatsu wa kimi no uso,Yes,/title/tt3895150/,2014,2015,NA,NA,NA,NA,NA,NA,NA
60,Akame ga Kill!,No,/title/tt3742982/,2014,No Finale yet,18,24 min," Action, Comedy            ",7.8,A countryside boy named Tatsumi sets out on a journey to The Capital to make a name for himself and met a seemingly dangerous group of Assassins known as Night Raid. Their journey begins.,"Sôma Saitô,Corey Hartzog,Sora Amamiya,Molly Searcy","18,134"
61,Ben 10,No,/title/tt0760437/,2005,2008,All,22 min," Action, Adventure            ",7.3,"The story of Ben Tennyson, a typical kid who becomes very atypical after he discovers the Omnitrix, a mysterious alien device with the power to transform the wearer into ten different alien species.","Tara Strong,Paul Eiding,Meagan Moore,Dee Bradley Baker","14,223"
62,Gake no ue no Ponyo,No,/title/tt0876563/,2008,No Finale yet,U,101 min," Adventure, Comedy            ",7.7,"A five-year-old boy develops a relationship with Ponyo, a young goldfish princess who longs to become a human after falling in love with him.","Hayao Miyazaki,Cate Blanchett,Matt Damon,Liam Neeson,Tomoko Yamaguchi","128,795"
63,Ansatsu kyôshitsu,No,/title/tt3837246/,2013,2016,18,23 min," Action, Comedy            ",8.0,"A powerful creature claims that within a year, Earth will be destroyed by him, but he offers mankind a chance by becoming a homeroom teacher where he teaches his students about how to kill him. An assassination classroom begins.","Jun Fukuyama,Mai Fuchigami,Christopher Bevins,Luci Christian","9,627"
64,Violet Evergarden,No,/title/tt7078180/,2018,No Finale yet,16,24 min," Drama, Fantasy            ",8.5,"In the aftermath of a great war, Violet Evergarden, a young female ex-soldier, gets a job at a writers' agency and goes on assignments to create letters that can connect people.","Yui Ishikawa,Raissa Bueno,Erika Harlacher,Aya Endô","13,589"
65,Kôkaku Kidôtai,No,/title/tt0113568/,1995,No Finale yet,UA,83 min," Action, Crime            ",8.0,A cyborg policewoman and her partner hunt a mysterious and powerful hacker called the Puppet Master.,"Mamoru Oshii,Atsuko Tanaka,Iemasa Kayumi,Akio Ôtsuka,Kôichi Yamadera","131,935"
66,Pacific Rim,No,/title/tt9288848/,2021,No Finale yet,16,24 min," Action, Adventure            ",7.1,"After Kaiju ravage Australia, two siblings pilot a Jaeger to search for their parents, encountering new creatures, seedy characters and chance allies.","Gideon Adlon,Calum Worthy,Erica Lindbeck,Victoria Grace","3,021"
67,Kiseijû: Sei no kakuritsu,Yes,/title/tt3358020/,2014,2015,NA,NA,NA,NA,NA,NA,NA
68,That Time I Got Reincarnated as a Slime,No,/title/tt9054364/,2018,No Finale yet,16,25 min," Action, Adventure            ",8.1,"Lonely thirty-seven-year-old Mikami Satoru is stuck in a dead-end job, unhappy with his mundane life, but after dying at the hands of a robber, he awakens to a fresh start in a fantasy ...                See full summary »","Miho Okasaki,Brittney Karbowski,Mallorie Rodak,Megumi Toyoguchi","5,323"
69,Dragon Ball Super: Doragon bôru cho,No,/title/tt4644488/,2015,2018,7,24 min," Action, Adventure            ",8.4,"Six months after the defeat of Majin Buu, The mighty Saiyan Son Goku continues his quest on becoming stronger.","Masako Nozawa,Naoki Tatsuta,Ryô Horikawa,Sean Schemmel","24,743"
70,DARLING in the FRANXX,No,/title/tt7865090/,2018,No Finale yet,Not Rated,24 min," Action, Drama            ",7.4,"In a future world where humanity has been driven to endangerment by giant beasts, a strike force is assembled to destroy the monsters and save the world.","Yûto Uemura,Kana Ichinose,Nanami Yamashita,Saori Hayami","5,809"
71,Kaguya-sama wa kokurasetai ~ Tensai tachi no ren'ai zunô sen ~,No,/title/tt9522300/,2019,No Finale yet,16,24 min," Comedy, Romance            ",8.4,The proudly privileged top two students of an elite school each makes it their mission to be the first to extract a confession of love from the other.,"Aoi Koga,Makoto Furukawa,Konomi Kohara,Yutaka Aoyama","5,655"
72,Kakegurui,No,/title/tt7131720/,2017,No Finale yet,16,24 min," Drama, Mystery            ",7.2,A gambling prodigy comes to an elite school run by games and turns the order upside down.,"Saori Hayami,Tatsuya Tokutake,Miyuki Sawashiro,Minami Tanaka","5,595"
73,Devilman: Crybaby,Yes,/title/tt6660498/,2018,No Finale yet,NA,NA,NA,NA,NA,NA,NA
74,Kaze no tani no Naushika,No,/title/tt0087544/,1984,No Finale yet,U,117 min," Adventure, Fantasy            ",8.1,Warrior and pacifist Princess Nausicaä desperately struggles to prevent two warring nations from destroying themselves and their dying planet.,"Hayao Miyazaki,Sumi Shimamoto,Mahito Tsujimura,Hisako Kyôda,Gorô Naya","154,904"
75,Overlord,No,/title/tt4869896/,2015,No Finale yet,18,30 min," Action, Adventure            ",7.8,"A young man is trapped within a video game as a warrior king, and sets out to make this new world his own empire.","Satoshi Hino,Chris Guerrero,Elizabeth Maxwell,Yumi Hara","6,494"
76,Mushoku-tensei ~Isekai ittara honki dasu~,Yes,/title/tt13293588/,2021,No Finale yet,NA,NA,NA,NA,NA,NA,NA
77,Kingsglaive: Final Fantasy XV,No,/title/tt5595168/,2016,No Finale yet,UA,110 min," Action, Adventure            ",6.8,"King Regis, who oversees the land of Lucis, commands his army of soldiers to protect the kingdom from the Niflheim empire's plans to steal the sacred crystal which gives Lucis its magic and power.","Takeshi Nozue,Aaron Paul,Lena Headey,Sean Bean,Neil Newbon","20,480"
78,Hagane no renkinjutsushi,No,/title/tt0421357/,2003,2004,16,24 min," Action, Adventure            ",8.5,"When a failed alchemical ritual leaves brothers Edward and Alphonse Elric with severely damaged bodies, they begin searching for the one thing that can save them; the fabled philosopher's stone.","Vic Mignogna,Aaron Dismuke,Romi Pak,Rie Kugimiya","63,687"
79,Shin Evangelion Gekijôban,Yes,/title/tt2458948/,2021,No Finale yet,NA,NA,NA,NA,NA,NA,NA
80,Resident Evil: Vendetta,No,/title/tt5776208/,2017,No Finale yet,R,97 min," Action, Adventure            ",6.3,"Chris Redfield enlists the help of Leon S. Kennedy and Rebecca Chambers to stop a death merchant, with a vengeance, from spreading a deadly virus in New York.","Takanori Tsujimoto,Kevin Dorman,Matthew Mercer,Erin Cahill,John DeMita","11,338"
81,Majo no takkyûbin,No,/title/tt0097814/,1989,No Finale yet,U,103 min," Adventure, Drama            ",7.8,"A young witch, on her mandatory year of independent life, finds fitting into a new community difficult while she supports herself by running an air courier service.","Hayao Miyazaki,Kirsten Dunst,Minami Takayama,Rei Sakuma,Kappei Yamaguchi","128,157"
82,Kimi no suizô o tabetai,No,/title/tt7236034/,2018,No Finale yet,U,109 min," Drama, Family            ",8.0,"A high school student discovers one of his classmates, Sakura Yamauchi, is suffering from a terminal illness. This secret brings the two together, as she lives out her final moments.","Shin'ichirô Ushijima,Mahiro Takasugi,Lynn,Yukiyo Fujii,Yuma Uchida","9,540"
83,Star Wars: Resistance,Yes,/title/tt8336340/,2018,2020,NA,NA,NA,NA,NA,NA,NA
84,High-Rise Invasion,No,/title/tt13352232/,2021,No Finale yet,18,25 min," Action, Horror            ",6.8,"High schooler Yuri finds herself atop a skyscraper in a strange world, where she must survive against masked assailants bent on killing their prey.","Haruka Shiraishi,Shiki Aoki,Yuichiro Umehara,Zeno Robinson","1,424"
85,Papurika,No,/title/tt0851578/,2006,No Finale yet,U,90 min," Drama, Fantasy            ",7.7,"When a machine that allows therapists to enter their patients' dreams is stolen, all Hell breaks loose. Only a young female therapist, Paprika, can stop it.","Satoshi Kon,Megumi Hayashibara,Tôru Emori,Katsunosuke Hori,Tôru Furuya","73,462"
86,Seishun Buta Yaro wa Bunny Girl-senpai no Yume wo Minai,Yes,/title/tt8993398/,2018,No Finale yet,NA,NA,NA,NA,NA,NA,NA
87,Resident Evil: Infinite Darkness,Yes,/title/tt13173456/,2021,No Finale yet,NA,NA,NA,NA,NA,NA,NA
88,Kaze tachinu,No,/title/tt2013293/,2013,No Finale yet,PG-13,126 min," Biography, Drama            ",7.8,"A look at the life of Jiro Horikoshi, the man who designed Japanese fighter planes during World War II.","Hayao Miyazaki,Hideaki Anno,Hidetoshi Nishijima,Miori Takimoto,Masahiko Nishimura","76,119"
89,Tate no Yuusha no Nariagari,No,/title/tt9529546/,2018,No Finale yet,12+,24 min," Action, Adventure            ",8.1,"Stories of old tell of four otherworldly heroes - wielding the sword, spear, bow, and shield - who defended the land from wave after wave of calamity. With the fate of the world in balance,...                See full summary »","Kaito Ishikawa,Asami Seto,Billy Kametz,Erica Mendez","7,276"
90,Super Dragon Ball Heroes,Yes,/title/tt8433216/,2018,No Finale yet,NA,NA,NA,NA,NA,NA,NA
91,Horimiya,Yes,/title/tt13103134/,NA,No Finale yet,NA,NA,NA,NA,NA,NA,NA
92,Bungou Stray Dogs,No,/title/tt5679720/,2016,No Finale yet,16,24 min," Action, Comedy            ",7.7,"Nakajima Atsushi was kicked out of his orphanage, and now he has no place to go and no food. While he is standing by a river, on the brink of starvation, he rescues a man whimsically ...                See full summary »","Mamoru Miyano,Yûto Uemura,Kaiji Tang,Yoshimasa Hosoya","3,320"
93,Ben 10: Alien Force,No,/title/tt1192169/,2008,2010,All,22 min," Action, Adventure            ",7.2,"Fifteen-year-old Ben Tennyson must utilize the Omnitrix yet again in order to locate his missing Grandpa Max, accompanied by his cousin Gwen and former enemy Kevin 11.","Yuri Lowenthal,Dee Bradley Baker,Ashley Johnson,Greg Cipes","7,493"
94,Tenkû no shiro Rapyuta,No,/title/tt0092067/,1986,No Finale yet,U,125 min," Adventure, Drama            ",8.0,A young boy and a girl with a magic crystal must race against pirates and foreign agents in a search for a legendary floating castle.,"Hayao Miyazaki,Mayumi Tanaka,Keiko Yokozawa,Kotoe Hatsui,Minori Terada","153,178"
95,Hige o Soru. Soshite Joshikousei o Hirou.,Yes,/title/tt13198632/,2021,No Finale yet,NA,NA,NA,NA,NA,NA,NA
96,Fire Force,Yes,/title/tt9307686/,2019,No Finale yet,NA,NA,NA,NA,NA,NA,NA
97,Banana Fish,No,/title/tt8515016/,2018,No Finale yet,16,22 min," Action, Adventure            ",8.2,The story captures the war between a mafia boss named Dino and a young gang leader searching for redemption.,"Jun Fukuyama,Makoto Furukawa,Hiroaki Hirata,Yoshimasa Hosoya","2,853"
98,Wonder Egg Priority,Yes,/title/tt13248076/,2021,No Finale yet,NA,NA,NA,NA,NA,NA,NA
99,Ben 10: Omniverse,No,/title/tt2293002/,2012,2014,7,22 min," Action, Adventure            ",5.9,"The continuing adventures of Ben Tennyson (Yuri Lowenthal) and his new partner, Rook Blonko (Bumper Robinson).","Yuri Lowenthal,Bumper Robinson,Eric Bauza,Paul Eiding","3,569"
100,Beastars,No,/title/tt11043632/,2019,No Finale yet,UA,23 min," Crime, Drama            ",7.8,"In a world of anthropomorphic animals, a reclusive wolf's complicated relationship with a kindly rabbit is tested by a classmate's murder, a charismatic deer's influence, and his own burgeoning predatory instincts.","Chikahiro Kobayashi,Yuki Ono,Sayaka Senbongi,Fukushi Ochiai","6,577"
101,Gokushufudo,No,/title/tt13357124/,2021,No Finale yet,16,16 min," Action, Comedy            ",7.3,A retired gangster spends his time as a househusband carrying out home chores.,"Kenjirô Tsuda,Shizuka Itô,Kazuyuki Okitsu,Melissa Greenspan","1,748"
102,Shinmai Maou no Testament,Yes,/title/tt4219258/,2015,No Finale yet,NA,NA,NA,NA,NA,NA,NA
103,Samurai chanpurû,Yes,/title/tt0423731/,2004,2005,NA,NA,NA,NA,NA,NA,NA
104,Psycho-Pass,No,/title/tt2379308/,2012,No Finale yet,16,25 min," Action, Crime            ",8.2,"Believing in humanity and order, policewoman Akane Tsunemori obeys the ruling, computerized, precognitive Sibyl System. But when she faces a criminal mastermind who can elude this ""perfect"" system, she questions both Sibyl and herself.","Kana Hanazawa,Miyuki Sawashiro,Noriko Hidaka,Shizuka Itô","16,390"
105,"Shin seiki Evangelion Gekijô-ban: Air/Magokoro wo, kimi ni",No,/title/tt0169858/,1997,No Finale yet,UA,87 min," Action, Drama            ",8.1,Concurrent theatrical ending of the TV series Shin seiki evangerion (1995).,"Hideaki Anno,Kazuya Tsurumaki,Megumi Ogata,Megumi Hayashibara,Yûko Miyamura,Kotono Mitsuishi","41,594"
106,Dragon Ball: Doragon bôru,No,/title/tt0088509/,1986,1989,U,24 min," Action, Adventure            ",8.5,"Son Gokû, a fighter with a monkey tail, goes on a quest with an assortment of odd characters in search of the Dragon Balls, a set of crystals that can give its bearer anything they desire.","Masako Nozawa,Jôji Yanami,Brice Armstrong,Stephanie Nadolny","49,254"
107,Saiki Kusuo no Psi Nan,No,/title/tt6354518/,2016,No Finale yet,16,24 min," Comedy, Fantasy            ",8.3,"Saiki Kusuo is a powerful psychic who hates attracting attention, yet he is surrounded by colorful characters who always find a way to remove him from his everyday life.","Hiroshi Kamiya,Daisuke Ono,Nobunaga Shimazaki,Ai Kayano","4,221"
108,Dororo,Yes,/title/tt9458304/,2019,No Finale yet,NA,NA,NA,NA,NA,NA,NA
109,Nande Koko ni Sensei ga!?,Yes,/title/tt9826344/,2019,No Finale yet,NA,NA,NA,NA,NA,NA,NA
110,Kono subarashii sekai ni shukufuku o!,No,/title/tt5370118/,2016,2017,16,24 min," Adventure, Comedy            ",7.8,It was a happy day for Kazuma - right up to the moment he died. A goddess intervenes and offers him a second chance in a magical land.,"Jun Fukushima,Sora Amamiya,Rie Takahashi,Ai Kayano","6,988"
111,Go-Toubun no Hanayome,No,/title/tt9584920/,2019,No Finale yet,13,24 min," Comedy, Drama            ",7.6,"A poor, straight A student is hired to tutor some rich quintuplets. The story is told as a flashback from a future that shows that he ends up getting married to one of them.","Yoshitsugu Matsuoka,Kana Hanazawa,Ayana Taketatsu,Miku Itou","2,203"
112,Kuroko no basuke,No,/title/tt2348803/,2012,2015,13,24 min," Comedy, Sport            ",8.3,"The Teiko Middle School Basketball Team. The school that produced three perfect seasons in a row, with five once-in-a generation players, called ""The Generation of Miracles."" There was ...                See full summary »","Kenshô Ono,Yoshimasa Hosoya,Yuki Ono,Hirofumi Nojima","5,943"
113,Gakuen mokushiroku: HIGHSCHOOL OF THE DEAD,Yes,/title/tt1685401/,2010,No Finale yet,NA,NA,NA,NA,NA,NA,NA
114,Baki,No,/title/tt6357658/,2018,2020,18,45 min," Action, Sport            ",6.7,"The protagonist, Baki Hanma, trains with an intense focus to become strong enough to surpass his father, Yujiro Hanma, the strongest fighter in the world.","Tôru Furuya,Kirk Thornton,Troy Baker,Nobunaga Shimazaki","4,012"
115,Fate/Zero,No,/title/tt2051178/,2011,2012,16,24 min," Action, Drama            ",8.3,Seven chosen mages and their summoned heroic spirits fight against each other to try and win the Holy Grail: a magical device that can grant any wish.,"Ayako Kawasumi,Kari Wahlgren,Sayaka Ôhara,Jôji Nakata","10,737"
116,Doragon bôru chô: Burorî,No,/title/tt7961060/,2018,No Finale yet,UA,100 min," Action, Adventure            ",7.9,"Goku and Vegeta encounter Broly, a Saiyan warrior unlike any fighter they've faced before.","Tatsuya Nagamine,Masako Nozawa,Aya Hisakawa,Ryô Horikawa,Toshio Furukawa","23,552"
117,Kari-gurashi no Arietti,No,/title/tt1568921/,2010,No Finale yet,U,94 min," Adventure, Family            ",7.6,"The Clock family are four-inch-tall people who live anonymously in another family's residence, borrowing simple items to make their home. Life changes for the Clocks when their teenage daughter, Arrietty, is discovered.","Hiromasa Yonebayashi,Amy Poehler,Will Arnett,Mirai Shida,Ryûnosuke Kamiki","83,326"
118,Dungeon ni Deai wo Motomeru no wa Machigatteiru Darou ka,Yes,/title/tt4728568/,2015,No Finale yet,NA,NA,NA,NA,NA,NA,NA
119,Tokyo Ghoul: re,No,/title/tt8213522/,2018,No Finale yet,18,24 min," Action, Drama            ",6.8,"Two years have passed since the CCG's raid on Anteiku. Although the atmosphere in Tokyo has changed drastically due to the increased influence of the CCG, ghouls continue to pose a problem ...                See full summary »","Natsuki Hanae,Austin Tindle,Adam Gibbs,Mikaela Krantz","7,158"
120,Hellsing Ultimate,Yes,/title/tt0495212/,2006,2012,NA,NA,NA,NA,NA,NA,NA
121,Ben 10: Ultimate Alien,No,/title/tt1622696/,2010,2012,All,22 min," Action, Adventure            ",7.6,"With his secret identity now revealed to the world, Ben Tennyson continues to fight evil as a superhero with the help of the newly acquired Ultimatrix.","Yuri Lowenthal,Ashley Johnson,Dee Bradley Baker,Greg Cipes","5,385"
122,"Kanojo, Okarishimasu",Yes,/title/tt11448214/,2020,No Finale yet,NA,NA,NA,NA,NA,NA,NA
123,Biohazard: Damnation,No,/title/tt1753496/,2012,No Finale yet,R,100 min," Action, Horror            ",6.5,Special Agent Leon S.Kennedy goes against his superior's orders and works to destroy a series of biological weapons being used in a war zone in Europe.,"Makoto Kamiya,Matthew Mercer,Dave Wittenberg,Wendee Lee,Val Tasso","18,718"
124,Goblin Slayer,No,/title/tt8690728/,2018,No Finale yet,16,30 min," Action, Adventure            ",7.5,"In a fantasy world, a lone hero makes his living by exterminating all goblins he encounters. But one day he meets a friend, and his life begins to become more intense.","Yuichiro Umehara,Yui Ogura,Hayden Daviau,Brad Hawkins","5,294"
125,Meitantei Conan,Yes,/title/tt0131179/,1996,No Finale yet,NA,NA,NA,NA,NA,NA,NA
126,Sailor Moon,Yes,/title/tt0114327/,1995,2000,NA,NA,NA,NA,NA,NA,NA
127,Erufen rîto,No,/title/tt0480489/,2004,No Finale yet,18,24 min," Action, Drama            ",8.0,"Two university students come across a seemingly harmless girl named Lucy, unaware that she's actually a mutant serial killer with a split personality.","Sanae Kobayashi,Chihiro Suzuki,Mamiko Noto,Adam Conlon","30,510"
128,Kaifuku Jutsushi no Yarinaoshi,Yes,/title/tt13370404/,2021,No Finale yet,NA,NA,NA,NA,NA,NA,NA
129,Mimi wo sumaseba,No,/title/tt0113824/,1995,No Finale yet,U,111 min," Drama, Family            ",7.9,"A love story between a girl who loves reading books, and a boy who has previously checked out all of the library books she chooses.","Yoshifumi Kondô,Yoko Honna,Issey Takahashi,Takashi Tachibana,Shigeru Muroi","54,201"
130,Kangoku gakuen,Yes,/title/tt4917066/,2015,No Finale yet,NA,NA,NA,NA,NA,NA,NA
131,SK8 the Infinity,Yes,/title/tt13129190/,2021,No Finale yet,NA,NA,NA,NA,NA,NA,NA
132,Isekai Mao to Shokan Shojo no Dorei Majutsu,No,/title/tt8438524/,2018,No Finale yet,18,24 min," Adventure, Comedy            ",7.1,An elite player is summoned by two maidens to save a fantasy game.,"Masaaki Mizunaka,Yû Serizawa,Azumi Waki,Jad Saxton","2,066"
133,Dorohedoro,No,/title/tt11147852/,2020,No Finale yet,18,25 min," Action, Comedy            ",8.2,In a sad town a clan of sorcerers use its people to experiment with the dark arts.,"Wataru Takagi,Reina Kondou,Ken'yû Horiuchi,Yoshimasa Hosoya","5,496"
134,Black Lagoon,No,/title/tt0962826/,2006,No Finale yet,18,25 min," Action, Adventure            ",8.0,"A Japanese businessman, captured by modern-day pirates, is written off and left for dead by his company. Tired of the corporate life, he opts to stick with the mercenaries that kidnapped him, becoming part of their gang.","Megumi Toyoguchi,Daisuke Namikawa,Maryke Hendrikse,Brad Swaile","12,676"
135,Domestic na Kanojo,Yes,/title/tt9817980/,2019,No Finale yet,NA,NA,NA,NA,NA,NA,NA
136,Noragami,Yes,/title/tt3225270/,2014,2016,NA,NA,NA,NA,NA,NA,NA
137,Kiru ra kiru: KILL la KILL,Yes,/title/tt3114390/,2013,2014,NA,NA,NA,NA,NA,NA,NA
138,Biohazard Regeneration,No,/title/tt1174954/,2008,No Finale yet,R,97 min," Action, Horror            ",6.5,"Leon S. Kennedy and Claire Redfield must battle a rogue warrior seeking revenge after unleashing the deadly G-Virus, whilst a mutated monster goes on a rampage.","Makoto Kamiya,Paul Mercier,Alyson Court,Laura Bailey,Roger Craig Smith","29,279"
139,Kuroshitsuji,Yes,/title/tt1316554/,2008,2010,NA,NA,NA,NA,NA,NA,NA
140,Kurenai no buta,No,/title/tt0104652/,1992,No Finale yet,U,94 min," Adventure, Comedy            ",7.7,"In 1930s Italy, a veteran World War I pilot is cursed to look like an anthropomorphic pig.","Hayao Miyazaki,Shûichirô Moriyama,Tokiko Katô,Bunshi Katsura Vi,Tsunehiko Kamijô","80,306"
141,Dragon Ball Z: Doragon bôru zetto,Yes,/title/tt0121220/,1989,1996,NA,NA,NA,NA,NA,NA,NA
142,Shaman King,Yes,/title/tt12502782/,2021,No Finale yet,NA,NA,NA,NA,NA,NA,NA
143,Koto no ha no niwa,No,/title/tt2591814/,2013,No Finale yet,U,46 min," Drama, Romance            ",7.5,A 15-year-old boy and 27-year-old woman find an unlikely friendship one rainy day in the Shinjuku Gyoen National Garden.,"Makoto Shinkai,Miyu Irino,Kana Hanazawa,Fumi Hirano,Gou Maeda","36,804"
144,Yu-Gi-Oh!,Yes,/title/tt0249327/,NA,No Finale yet,NA,NA,NA,NA,NA,NA,NA
145,Made in Abyss,Yes,/title/tt7222086/,2017,No Finale yet,NA,NA,NA,NA,NA,NA,NA
146,RWBY,Yes,/title/tt3066242/,2012,No Finale yet,NA,NA,NA,NA,NA,NA,NA
147,Yahari ore no seishun rabukome wa machigatteiru.,Yes,/title/tt2703720/,2013,No Finale yet,NA,NA,NA,NA,NA,NA,NA
148,Tengen toppa gurren lagann,Yes,/title/tt0948103/,2007,2008,NA,NA,NA,NA,NA,NA,NA
149,Inuyasha,No,/title/tt0290223/,2000,2004,16,24 min," Action, Adventure            ",7.9,A teenage girl periodically travels back in time to feudal Japan to help a young half-demon recover the shards of a jewel of great power.,"Kappei Yamaguchi,Richard Ian Cox,Darren Pleavin,Satsuki Yukino","14,873"
150,Neko no ongaeshi,No,/title/tt0347618/,2002,No Finale yet,G,75 min," Adventure, Comedy            ",7.2,"After helping a cat, a seventeen-year-old girl finds herself involuntarily engaged to a cat Prince in a magical world where her only hope of freedom lies with a dapper cat statuette come to life.","Hiroyuki Morita,Chizuru Ikewaki,Yoshihiko Hakamada,Aki Maeda,Takayuki Yamada","50,713"
151,The God of High School,Yes,/title/tt12227418/,2020,No Finale yet,NA,NA,NA,NA,NA,NA,NA
152,Dragon's Dogma,Yes,/title/tt10011298/,2020,No Finale yet,NA,NA,NA,NA,NA,NA,NA
153,Mirai nikki,Yes,/title/tt2069441/,2011,2013,NA,NA,NA,NA,NA,NA,NA
154,Owari no serafu,No,/title/tt4584326/,2015,No Finale yet,18,24 min," Action, Adventure            ",7.5,"In 2012, the world allegedly comes to an end at the hands of a human-made virus, ravaging the global populace and leaving only children untouched. It is at this time that vampires emerge from the recesses of the earth.","Miyu Irino,Micah Solusod,Saori Hayami,Nobuhiko Okamoto","3,923"
155,Byôsoku 5 senchimêtoru,No,/title/tt0983213/,2007,No Finale yet,U,63 min," Drama, Family            ",7.6,"Told in three interconnected segments, we follow a young man named Takaki through his life as cruel winters, cold technology, and finally, adult obligations and responsibility converge to test the delicate petals of love.","Makoto Shinkai,Kenji Mizuhashi,Yoshimi Kondou,Satomi Hanamura,Ayaka Onoue","52,649"
156,Omoide no Mânî,No,/title/tt3398268/,2014,No Finale yet,U,103 min," Drama, Family            ",7.7,"Due to 12 y.o. Anna's asthma, she's sent to stay with relatives of her guardian in the Japanese countryside. She likes to be alone, sketching. She befriends Marnie. Who is the mysterious, blonde Marnie.","James Simone,Hiromasa Yonebayashi,Sara Takatsuki,Kasumi Arimura,Nanako Matsushima,Susumu Terajima","34,446"
157,Beruseruku,Yes,/title/tt5847454/,2016,2017,NA,NA,NA,NA,NA,NA,NA
158,Army of the Dead: Lost Vegas,Yes,/title/tt13334002/,2016,2017,NA,NA,NA,NA,NA,NA,NA
159,Boku no hîrô akademia THE MOVIE ~ 2-ri no eiyû ~,No,/title/tt7745068/,2018,No Finale yet,UA,96 min," Action, Adventure            ",7.5,All Might and Deku accept an invitation to visit I Island where they battle against a villain who takes the island hostage.,"Kenji Nagasaki,Daiki Yamashita,Kenta Miyake,Mirai Shida,Nobuhiko Okamoto","7,418"
160,Death Parade,Yes,/title/tt4279012/,2015,No Finale yet,NA,NA,NA,NA,NA,NA,NA
161,Gekijouban Bishoujo Senshi Sailor Moon Eternal,Yes,/title/tt10635042/,2021,No Finale yet,NA,NA,NA,NA,NA,NA,NA
162,Monster Musume no Iru Nichijou,Yes,/title/tt4831392/,2015,No Finale yet,NA,NA,NA,NA,NA,NA,NA
163,Dragon Ball,Yes,/title/tt0280249/,1995,2003,NA,NA,NA,NA,NA,NA,NA
164,Toradora!,No,/title/tt1279024/,2008,2009,16,24 min," Comedy, Drama            ",8.0,"Ryuji Takasu lives in a falling down house with his mother, and although being a nice guy is cursed with the evil look of his father causing people to avoid him. Taiga Aisaka is a tiny,self...                See full summary »","Rie Kugimiya,Junji Majima,Yui Horie,Hirofumi Nojima","11,304"
165,Hunter x Hunter,No,/title/tt0426719/,1999,2001,All,23 min," Action, Adventure            ",8.6,"The history of Gon Freecs, a boy who left home alone to become a Hunter. In the hard test, Gon meets Leorio, Kurapika and Killua.","Hozumi Gôda,Yuki Kaida,Junko Takeuchi,Annika Odegard","6,631"
166,Kaguyahime no monogatari,No,/title/tt2576852/,2013,No Finale yet,U,137 min," Adventure, Drama            ",8.0,"Found inside a shining stalk of bamboo by an old bamboo cutter and his wife, a tiny girl grows rapidly into an exquisite young lady. The mysterious young princess enthralls all who encounter her, but ultimately she must confront her fate, the punishment for her crime.","Isao Takahata,Chloë Grace Moretz,James Caan,Mary Steenburgen,James Marsden","40,454"
167,Jûbê ninpûchô,No,/title/tt0107692/,1993,No Finale yet,A,94 min," Action, Adventure            ",7.9,A vagabond swordsman is aided by a beautiful ninja girl and a crafty spy in confronting a demonic clan of killers - with a ghost from his past as their leader - who are bent on overthrowing the Tokugawa Shogunate.,"Yoshiaki Kawajiri,Kôichi Yamadera,Emi Shinohara,Takeshi Aono,Osamu Saka","35,091"
168,Gantz: O,Yes,/title/tt5923962/,2016,No Finale yet,NA,NA,NA,NA,NA,NA,NA
169,Yuukoku no Moriarty,Yes,/title/tt12831098/,2020,No Finale yet,NA,NA,NA,NA,NA,NA,NA
170,Seishun Buta Yaro wa Yumemiru Shoujo no Yume wo Minai,Yes,/title/tt10472884/,2019,No Finale yet,NA,NA,NA,NA,NA,NA,NA
171,Yu yu hakusho,No,/title/tt0185133/,1992,1995,U,24 min," Action, Adventure            ",8.4,"One day, 14-year-old Yusuke Urameshi suddenly finds himself dead, having died pushing a child out of the way of oncoming traffic. Since he has such a bad personality, even the Spirit World ...                See full summary »","Nozomu Sasaki,Justin Cook,Christopher Sabat,Cynthia Cranz","11,810"
172,Anazâ,No,/title/tt2176165/,2012,No Finale yet,18,300 min," Drama, Horror            ",7.6,"A young man named, Koichi Sakakibara, transfers to a new school where he finds himself drawn into a mystery involving a mysterious girl and a series of gruesome deaths.","Atsushi Abe,Natsumi Takamori,Tomoaki Maeno,Greg Ayres","11,878"
173,Gedo senki,No,/title/tt0495596/,2006,No Finale yet,U,115 min," Adventure, Fantasy            ",6.4,"In a mythical land, a man and a young boy investigate a series of unusual occurrences.","Gorô Miyazaki,Timothy Dalton,Willem Dafoe,Mariska Hargitay,Jun'ichi Okada","36,446"
174,Great Pretender,No,/title/tt11680468/,2020,No Finale yet,18,23 min," Adventure, Comedy            ",8.0,"A Japanese conman crosses paths with a French rival, and gets entangled in conspiracies and scams beyond his wildest dreams.","Wolf Williams,Alan Lee,Aaron Phillips,Kausar Mohammed","2,974"
175,Kokuriko-zaka kara,No,/title/tt1798188/,2011,No Finale yet,PG,91 min," Drama, Family            ",7.4,A group of Yokohama teens look to save their school's clubhouse from the wrecking ball in preparations for the 1964 Tokyo Olympics.,"Gorô Miyazaki,Sarah Bolger,Chris Noth,Anton Yelchin,Christina Hendricks","37,396"
176,Bakemonogatari,Yes,/title/tt1480925/,2009,2010,NA,NA,NA,NA,NA,NA,NA
177,The Animatrix,Yes,/title/tt0328832/,2003,No Finale yet,NA,NA,NA,NA,NA,NA,NA
178,Fate/stay night: Unlimited Blade Works,No,/title/tt3621796/,2014,2015,16,24 min," Action, Fantasy            ",8.0,"A group of seven mages gets chosen to become masters of seven classes of heroic spirits, in order to fight and win the Holy Grail.","Mela Lee,Bryce Papenbrook,Noriaki Sugiyama,Kana Ueda","6,465"
179,"No Game, No Life",Yes,/title/tt3431758/,2014,No Finale yet,NA,NA,NA,NA,NA,NA,NA
180,Ao no ekusoshisuto,Yes,/title/tt1799631/,2011,2012,NA,NA,NA,NA,NA,NA,NA
181,Kengan Ashura,No,/title/tt9058134/,2019,No Finale yet,18,24 min, Action            ,8.0,"A timid old man is summoned by his chairman to become the manager of Tokita Ohma, a highly skilled gladiator who only cares about fighting and winning in the Kengan matches.","Kaiji Tang,Michael C. Pizzuto,Keith Silverstein,Erika Harlacher","3,517"
182,Megalo Box,Yes,/title/tt7965802/,2018,No Finale yet,NA,NA,NA,NA,NA,NA,NA
183,Cowboy Bebop: Tengoku no tobira,No,/title/tt0275277/,2001,No Finale yet,U,115 min," Action, Crime            ",7.9,"A terrorist explosion releases a deadly virus on the masses, and it's up the bounty-hunting Bebop crew to catch the cold-blooded culprit.","Shin'ichirô Watanabe,Tensai Okamura,Hiroyuki Okiura,Yoshiyuki Takei,Beau Billingslea,Melissa Fahn,Nicholas Guest,Kôichi Yamadera","43,721"
184,Steins;Gate 0,Yes,/title/tt5514358/,2018,No Finale yet,NA,NA,NA,NA,NA,NA,NA
185,Tower of God,Yes,/title/tt12057106/,2020,No Finale yet,NA,NA,NA,NA,NA,NA,NA
186,Ôkami kodomo no Ame to Yuki,No,/title/tt2140203/,2012,No Finale yet,U,117 min," Drama, Fantasy            ",8.1,"After her werewolf lover unexpectedly dies in an accident while hunting for food for their children, a young woman must find ways to raise the werewolf son and daughter that she had with him while keeping their trait hidden from society.","Mamoru Hosoda,Aoi Miyazaki,Takao Osawa,Haru Kuroki,Yukito Nishii","40,006"
187,Ginga eiyû densetsu,Yes,/title/tt0096633/,1988,1997,NA,NA,NA,NA,NA,NA,NA
188,Star Wars: Visions,Yes,/title/tt13622982/,2021,No Finale yet,NA,NA,NA,NA,NA,NA,NA
189,Hotarubi no mori e,Yes,/title/tt2061702/,2011,No Finale yet,NA,NA,NA,NA,NA,NA,NA
190,Tonikaku Kawaii,Yes,/title/tt12311976/,2020,No Finale yet,NA,NA,NA,NA,NA,NA,NA
191,"Sentouin, Hakenshimasu!",Yes,/title/tt13758670/,2021,No Finale yet,NA,NA,NA,NA,NA,NA,NA
192,Kal Hee,No,/title/tt0102587/,1991,No Finale yet,U,118 min," Drama, Romance            ",7.6,A twenty-seven-year-old office worker travels to the countryside while reminiscing about her childhood in Tokyo.,"Isao Takahata,Miki Imai,Toshirô Yanagiba,Yoko Honna,Mayumi Izuka","28,223"
193,"Kumo Desu ga, Nanika?",Yes,/title/tt12598008/,2021,No Finale yet,NA,NA,NA,NA,NA,NA,NA
194,Kaichou wa meido-sama!,Yes,/title/tt1634208/,2010,No Finale yet,NA,NA,NA,NA,NA,NA,NA
195,Generator Rex,Yes,/title/tt1636691/,2010,2013,NA,NA,NA,NA,NA,NA,NA
196,Nana,Yes,/title/tt0810705/,2006,2007,NA,NA,NA,NA,NA,NA,NA
197,Ano hi mita hana no namae o bokutachi wa mada shiranai.,Yes,/title/tt1913273/,2011,No Finale yet,NA,NA,NA,NA,NA,NA,NA
198,Afro Samurai,Yes,/title/tt0465316/,2007,No Finale yet,NA,NA,NA,NA,NA,NA,NA
199,Redline,Yes,/title/tt1483797/,2009,No Finale yet,NA,NA,NA,NA,NA,NA,NA
200,Sôru îtâ,Yes,/title/tt1214085/,2008,2009,NA,NA,NA,NA,NA,NA,NA
201,Satsuriku no Tenshi,Yes,/title/tt8670784/,2018,No Finale yet,NA,NA,NA,NA,NA,NA,NA
202,B: The Beginning,No,/title/tt7944664/,2018,No Finale yet,18,25 min," Action, Crime            ",7.2,"In this anime series, scientists hope ""new humans"" will create universal peace, but they're kidnapped by an evil group with very different plans.","Hiroaki Hirata,Hiroki Touchi,Asami Seto,Johnny Yong Bosch","4,099"
203,Rakudai Kishi no Cavalry,Yes,/title/tt5100366/,2015,No Finale yet,NA,NA,NA,NA,NA,NA,NA
204,Tokyo Ghoul: Root A,Yes,/title/tt5497534/,2015,No Finale yet,NA,NA,NA,NA,NA,NA,NA
205,Ergo Proxy,No,/title/tt0791205/,2006,No Finale yet,18,25 min," Action, Adventure            ",8.0,"In a post-apocalyptic future humans live in peace with androids in a domed city. However, a strange series of murders has intruded into bored inspector Re-l Mayer's life.","Kôji Yusa,Akiko Yajima,Rachel Hirschfeld,Liam O'Brien","12,815"
206,Hyouka,Yes,/title/tt2340841/,2012,No Finale yet,NA,NA,NA,NA,NA,NA,NA
207,Bishôjo senshi Sêrâ Mûn,No,/title/tt0103369/,1992,1997,All,30 min," Action, Adventure            ",7.7,"A group of schoolgirls discover they are incarnations of super-powered alien princesses, and use their abilities to defend the earth.","Stephanie Sheh,Kotono Mitsuishi,Kate Higgins,Aya Hisakawa","5,549"
208,Made in Abyss: Fukaki Tamashî no Reimei,Yes,/title/tt10068916/,2020,No Finale yet,NA,NA,NA,NA,NA,NA,NA
209,Given,Yes,/title/tt10479420/,2019,No Finale yet,NA,NA,NA,NA,NA,NA,NA
210,Charlotte,Yes,/title/tt4574736/,2015,2016,NA,NA,NA,NA,NA,NA,NA
211,The Transformers: The Movie,No,/title/tt0092106/,1986,No Finale yet,U,84 min," Action, Adventure            ",7.3,"The Autobots must stop a colossal planet consuming robot who goes after the Autobot Matrix of Leadership. At the same time, they must defend themselves against an all-out attack from the Decepticons.","Nelson Shin,Orson Welles,Robert Stack,Leonard Nimoy,Norman Alden","37,809"
212,Date a Live,Yes,/title/tt2575684/,2013,No Finale yet,NA,NA,NA,NA,NA,NA,NA
213,Heaven Official's Blessing,Yes,/title/tt13375866/,2020,No Finale yet,NA,NA,NA,NA,NA,NA,NA
214,Ultraman,Yes,/title/tt8699270/,2019,No Finale yet,NA,NA,NA,NA,NA,NA,NA
215,Lupin III: The First,No,/title/tt10621032/,2019,No Finale yet,U,93 min," Action, Adventure            ",6.9,"Lupin III goes on a grand adventure to uncover the secrets of the Bresson Diary, which is tied to the legacy of his famous grandfather.","Takashi Yamazaki,Kan'ichi Kurita,Kiyoshi Kobayashi,Daisuke Namikawa,Miyuki Sawashiro","2,029"
216,Yuri!!! On Ice,Yes,/title/tt6112556/,2016,No Finale yet,NA,NA,NA,NA,NA,NA,NA
217,Memorîzu,No,/title/tt0113799/,1995,No Finale yet,U,113 min," Comedy, Fantasy            ",7.6,"""Memories"" is made up of three separate science-fiction stories. In the first, ""Magnetic Rose,"" four space travelers are drawn into an abandoned spaceship that contains a world created by ...                See full summary »","Kôji Morimoto,Tensai Okamura,Katsuhiro Ôtomo,Marc Swint,Robbie Daymond,Frank Todaro,Laura Post","16,207"
218,Batman: Gotham Knight,No,/title/tt1117563/,2008,No Finale yet,PG-13,75 min," Action, Crime            ",6.7,A collection of key events mark Bruce Wayne's life as he journeys from beginner to Dark Knight.,"Yasuhiro Aoki,Futoshi Higashide,Toshiyuki Kubooka,Hiroshi Morioka,Jong-Sik Nam,Shôjirô Nishimi,Yûichirô Hayashi,Kevin Conroy,Jason Marsden,Scott Menville,George Newbern","26,803"
219,Jibaku Shounen Hanako-kun,Yes,/title/tt10777610/,2020,No Finale yet,NA,NA,NA,NA,NA,NA,NA
220,Dragon Ball Kai: Doragon bôru kai,Yes,/title/tt1409055/,2009,2015,NA,NA,NA,NA,NA,NA,NA
221,Shingeki no Kyojin: Chronicle,Yes,/title/tt12415546/,2020,No Finale yet,NA,NA,NA,NA,NA,NA,NA
222,Rurôni Kenshin - Meiji kenkaku romantan,Yes,/title/tt0182629/,1996,1999,NA,NA,NA,NA,NA,NA,NA
223,Serial Experiments Lain,Yes,/title/tt0500092/,1998,No Finale yet,NA,NA,NA,NA,NA,NA,NA
224,FLCL,Yes,/title/tt0279077/,2000,2018,NA,NA,NA,NA,NA,NA,NA
225,Eden,Yes,/title/tt10545250/,NA,No Finale yet,NA,NA,NA,NA,NA,NA,NA
226,Ore dake Haireru Kakushi Dungeon,Yes,/title/tt12728856/,2021,No Finale yet,NA,NA,NA,NA,NA,NA,NA
227,Zankyô no teroru,Yes,/title/tt3613454/,2014,No Finale yet,NA,NA,NA,NA,NA,NA,NA
228,Kanashimi no beradonna,Yes,/title/tt0071203/,1973,No Finale yet,NA,NA,NA,NA,NA,NA,NA
229,Tôkyô goddofâzâzu,No,/title/tt0388473/,2003,No Finale yet,UA,90 min," Adventure, Comedy            ",7.8,"On Christmas Eve, three homeless people living on the streets of Tokyo discover a newborn baby among the trash and set out to find its parents.","Satoshi Kon,Tôru Emori,Yoshiaki Umegaki,Aya Okamoto,Shôzô Îzuka","32,777"
230,Gekijô-ban poketto monsutâ - Myûtsû no gyakushû,No,/title/tt0190641/,1998,No Finale yet,U,96 min," Action, Adventure            ",6.3,"Scientists genetically create a new Pokémon, Mewtwo, but the results are horrific and disastrous.","Kunihiko Yuyama,Michael Haigney,Veronica Taylor,Rachael Lillis,Eric Stuart,Jay Goede","40,607"
231,Môsô dairinin,Yes,/title/tt0433722/,2004,No Finale yet,NA,NA,NA,NA,NA,NA,NA
232,Trigun,Yes,/title/tt0251439/,1998,No Finale yet,NA,NA,NA,NA,NA,NA,NA
233,Toki o kakeru shôjo,No,/title/tt0808506/,2006,No Finale yet,U,98 min," Adventure, Comedy            ",7.7,"A high-school girl named Makoto acquires the power to travel back in time, and decides to use it for her own personal benefits. Little does she know that she is affecting the lives of others just as much as she is her own.","Mamoru Hosoda,Riisa Naka,Takuya Ishida,Mitsutaka Itakura,Ayami Kakiuchi","61,600"
234,Yôjû toshi,No,/title/tt0098692/,1987,No Finale yet,A,82 min," Action, Fantasy            ",6.7,"Two agents, a lady-killer human and a voluptuous demon, attempt to protect a signatory to a peace treaty between the human world and the demon world from radicalized demons.","Yoshiaki Kawajiri,Yûsaku Yara,Toshiko Fujita,Ichirô Nagai,Takeshi Aono","6,735"
235,Kuzu no honkai,No,/title/tt6197170/,2017,No Finale yet,18,22 min," Drama, Romance            ",6.9,A perfect couple struggles under a secret longing each has for someone else.,"Chika Anzai,Shintarô Asanuma,Greg Cote,Maggie Flecknoe","1,326"
236,Mahô shôjo Madoka magika: Puella Magi Madoka Magica,Yes,/title/tt1773185/,2011,No Finale yet,NA,NA,NA,NA,NA,NA,NA
237,Rebelde,Yes,/title/tt0414766/,2004,2006,NA,NA,NA,NA,NA,NA,NA
238,GTO,No,/title/tt0315008/,1999,2000,18,24 min," Comedy, Drama            ",8.5,"About Eikichi Onizuka, a 22-year-old ex-gangster member and a virgin. He has one ambition that no one ever expected from him. His solely life purpose is to become the greatest high school teacher ever.","Steve Blum,Tom Fahn,Jun'ichi Suwabe,Wataru Takagi","7,262"
239,Fainaru fantajî sebun adobento chirudoren,No,/title/tt0385700/,2005,No Finale yet,U,101 min," Action, Adventure            ",7.2,An ex-mercenary is forced out of isolation when three mysterious men kidnap and brainwash the city's children afflicted with the Geostigma disease.,"Tetsuya Nomura,Takeshi Nozue,Takahiro Sakurai,Ayumi Itô,Shôtarô Morikubo,Maaya Sakamoto","55,274"
240,Arifureta Shokugyou de Sekai Saikyou,Yes,/title/tt10431290/,2019,No Finale yet,NA,NA,NA,NA,NA,NA,NA
241,Danganronpa: Kibô no gakuen to zetsubô no kôkôsei - The animation,Yes,/title/tt2902582/,2013,No Finale yet,NA,NA,NA,NA,NA,NA,NA
242,Boruto: Naruto the Movie,Yes,/title/tt4618398/,2015,No Finale yet,NA,NA,NA,NA,NA,NA,NA
243,Ôran kôkô hosutobu,Yes,/title/tt0816397/,2006,No Finale yet,NA,NA,NA,NA,NA,NA,NA
244,Kôkaku kidôtai: Stand Alone Complex,No,/title/tt0346314/,2002,2005,18,24 min," Action, Crime            ",8.5,The futuristic adventures of a female cyborg counter intelligence agent and her support team.,"Shirô Saitô,Mary Elizabeth McGlynn,William Frederick Knight,Richard Epcar","18,088"
245,Herushingu,Yes,/title/tt0325547/,2001,2002,NA,NA,NA,NA,NA,NA,NA
246,Fruits Basket,Yes,/title/tt0328738/,2001,No Finale yet,NA,NA,NA,NA,NA,NA,NA
247,Sekirei,Yes,/title/tt1339238/,2008,2010,NA,NA,NA,NA,NA,NA,NA
248,Chuunibyou demo koi ga shitai!,Yes,/title/tt2321542/,2012,No Finale yet,NA,NA,NA,NA,NA,NA,NA
249,Heisei tanuki gassen ponpoko,No,/title/tt0110008/,1994,No Finale yet,U,119 min," Comedy, Drama            ",7.3,A community of magical shape-shifting raccoon dogs struggle to prevent their forest home from being destroyed by urban development.,"Isao Takahata,Shinchô Kokontei,Makoto Nonomura,Yuriko Ishida,Norihei Miki","26,381"
